/* Entrando no banco de dados so Postgre pelo terminal */

su - postgres
postgres 

/* Criando o usuario para poder logar com ele no postgres */

createuser thierry -dPs
123456
123456
computacao@raiz

psql
computaco@raiz
 

/* Na minha maquina virtual estava dando erro de langpacks para português, então para finalizar o banco de dados decidir optar por deixar na lingua inglesa*/
create database uvv
      with
      owner = "thierry"
      template = template0
      encoding = 'UTF8' 
      allow_connections = true;
CREATE DATABASE

/* Conecatando o meu usuario com o banco de dados da uvv */

\c uvv thierry;
123456 
You are now connected to database "uvv" as user "thierry".

/*criando os esquemas para agrupar objetos no nível e fazer divisões departamentais e altoriazando o meu usuario para */

create schema elmasri authorization thierry;


alter user thierry set search_path to elmasri, "\$user', public;

/* Criando tabelas */
  
CREATE TABLE elmasri.funcionario (
                cpf CHAR(11) NOT NULL,
                primeiro_nome VARCHAR(15) NOT NULL,
                nome_meio CHAR(1),
                ultimo_nome VARCHAR(15) NOT NULL,
                data_nascimento DATE,
                endereco VARCHAR(70),
                sexo CHAR(1),
                salario NUMERIC(10,2),
                cpf_supervisor CHAR(11) NOT NULL,
                numero_departamento INTEGER NOT NULL,
                CONSTRAINT funcionario_pk PRIMARY KEY (cpf)
   
);
COMMENT ON TABLE elmasri.funcionario IS 'Tabela que armazena as informações dos funcionários.';
COMMENT ON COLUMN elmasri.funcionario.cpf IS 'CPF do funcionário. Será a PK da tabela.';
COMMENT ON COLUMN elmasri.funcionario.primeiro_nome IS 'Primeiro nome do funcionário.';
COMMENT ON COLUMN elmasri.funcionario.nome_meio IS 'Inicial do nome do meio.';
COMMENT ON COLUMN elmasri.funcionario.ultimo_nome IS 'Sobrenome do funcionário.';
COMMENT ON COLUMN elmasri.funcionario.endereco IS 'Endereço do funcionário.';
COMMENT ON COLUMN elmasri.funcionario.sexo IS 'Sexo do funcionário.';
COMMENT ON COLUMN elmasri.funcionario.salario IS 'Salário do funcionário.';
COMMENT ON COLUMN elmasri.funcionario.cpf_supervisor IS 'CPF do supervisor. Será uma FK para a própria tabela (um auto-relacionamento).';
COMMENT ON COLUMN elmasri.funcionario.numero_departamento IS 'Número do departamento do funcionário.';


CREATE TABLE elmasri.departamento (
                numero_departamento INTEGER NOT NULL,
                nome_departamento VARCHAR(15) NOT NULL,
                cpf_gerente CHAR(11) NOT NULL,
                data_inicio_gerente DATE,
                CONSTRAINT departamento_pk PRIMARY KEY (numero_departamento)
);
COMMENT ON TABLE elmasri.departamento IS 'Tabela que armazena as informaçoẽs dos departamentos.';
COMMENT ON COLUMN elmasri.departamento.numero_departamento IS 'Número do departamento. É a PK desta tabela.';
COMMENT ON COLUMN elmasri.departamento.nome_departamento IS 'Nome do departamento. Deve ser único.';
COMMENT ON COLUMN elmasri.departamento.cpf_gerente IS 'CPF do gerente do departamento. É uma FK para a tabela funcionários.';
COMMENT ON COLUMN elmasri.departamento.data_inicio_gerente IS 'Data do início do gerente no departamento.';


CREATE UNIQUE INDEX departamento_idx
 ON elmasri.departamento
 ( nome_departamento );

CREATE TABLE elmasri.localizacoes_departamento (
                numero_departamento INTEGER NOT NULL,
                local VARCHAR(15) NOT NULL,
                CONSTRAINT localizacoes_departamento_pk PRIMARY KEY (numero_departamento, local)
);
COMMENT ON COLUMN elmasri.localizacoes_departamento.numero_departamento IS 'Número do departamento. É a PK desta tabela.';
COMMENT ON COLUMN elmasri.localizacoes_departamento.local IS 'Localização do departamento. Faz parte da PK desta tabela.';


CREATE TABLE elmasri.projeto (
                numero_projeto INTEGER NOT NULL,
                nome_projeto VARCHAR(15) NOT NULL,
                local_projeto VARCHAR(15),
                numero_departamento INTEGER NOT NULL,
                CONSTRAINT projeto_pk PRIMARY KEY (numero_projeto)
);
COMMENT ON TABLE elmasri.projeto IS 'Tabela que armazena as informações sobre os projetos dos departamentos.';
COMMENT ON COLUMN elmasri.projeto.numero_projeto IS 'Número do projeto. É a PK desta tabela.';
COMMENT ON COLUMN elmasri.projeto.nome_projeto IS 'Nome do projeto. Deve ser único.';
COMMENT ON COLUMN elmasri.projeto.local_projeto IS 'Localização do projeto.';
COMMENT ON COLUMN elmasri.projeto.numero_departamento IS 'Número do departamento. É uma FK para a tabela departamento.';


CREATE UNIQUE INDEX projeto_idx
 ON elmasri.projeto
 ( nome_projeto );

CREATE TABLE elmasri.trabalha_em (
                cpf_funcionario CHAR(11) NOT NULL,
                numero_projeto INTEGER NOT NULL,
                horas NUMERIC(3,1) NOT NULL,
                CONSTRAINT trabalha_em_pk PRIMARY KEY (cpf_funcionario, numero_projeto)
);
COMMENT ON TABLE elmasri.trabalha_em IS 'Tabela para armazenar quais funcionários trabalham em quais projetos.';
COMMENT ON COLUMN elmasri.trabalha_em.cpf_funcionario IS 'Tabela para armazenar quais funcionários trabalham em quais projetos.';
COMMENT ON COLUMN elmasri.trabalha_em.numero_projeto IS 'Número do projeto. Faz parte da PK desta tabela e é uma FK para a tabela projeto.';
COMMENT ON COLUMN elmasri.trabalha_em.horas IS 'Horas trabalhadas pelo funcionário neste projeto.';


CREATE TABLE elmasri.dependente (
                cpf_funcionario CHAR(11) NOT NULL,
                nome_dependente VARCHAR(15) NOT NULL,
                sexo CHAR(1),
                data_nascimento DATE,
                parentesco VARCHAR(15),
                CONSTRAINT dependente_pk PRIMARY KEY (cpf_funcionario, nome_dependente)
);
COMMENT ON TABLE elmasri.dependente IS 'Tabela que armazena as informações dos dependentes dos funcionários.';
COMMENT ON COLUMN elmasri.dependente.cpf_funcionario IS 'CPF do funcionário. Faz parte da PK desta tabela e é uma FK para a tabela funcionário.';
COMMENT ON COLUMN elmasri.dependente.nome_dependente IS 'Nome do dependente. Faz parte da PK desta tabela.';
COMMENT ON COLUMN elmasri.dependente.sexo IS 'Sexo do dependente.';
COMMENT ON COLUMN elmasri.dependente.data_nascimento IS 'Data de nascimento do dependente.';
COMMENT ON COLUMN elmasri.dependente.parentesco IS 'Descrição do parentesco do dependente com o funcionário.';


ALTER TABLE elmasri.funcionario ADD CONSTRAINT funcionario_funcionario_fk
FOREIGN KEY (cpf_supervisor)
REFERENCES elmasri.funcionario (cpf)
ON DELETE NO ACTION
ON UPDATE NO ACTION
NOT DEFERRABLE;

ALTER TABLE elmasri.dependente ADD CONSTRAINT funcionario_dependente_fk
FOREIGN KEY (cpf_funcionario)
REFERENCES elmasri.funcionario (cpf)
ON DELETE NO ACTION
ON UPDATE NO ACTION
NOT DEFERRABLE;

ALTER TABLE elmasri.trabalha_em ADD CONSTRAINT funcionario_trabalha_em_fk
FOREIGN KEY (cpf_funcionario)
REFERENCES elmasri.funcionario (cpf)
ON DELETE NO ACTION
ON UPDATE NO ACTION
NOT DEFERRABLE;

ALTER TABLE elmasri.departamento ADD CONSTRAINT funcionario_departamento_fk
FOREIGN KEY (cpf_gerente)
REFERENCES elmasri.funcionario (cpf)
ON DELETE NO ACTION
ON UPDATE NO ACTION
NOT DEFERRABLE;

ALTER TABLE elmasri.projeto ADD CONSTRAINT departamento_projeto_fk
FOREIGN KEY (numero_departamento)
REFERENCES elmasri.departamento (numero_departamento)
ON DELETE NO ACTION
ON UPDATE NO ACTION
NOT DEFERRABLE;

ALTER TABLE elmasri.localizacoes_departamento ADD CONSTRAINT departamento_localizacoes_departamento_fk
FOREIGN KEY (numero_departamento)
REFERENCES elmasri.departamento (numero_departamento)
ON DELETE NO ACTION
ON UPDATE NO ACTION
NOT DEFERRABLE;

ALTER TABLE elmasri.trabalha_em ADD CONSTRAINT projeto_trabalha_em_fk
FOREIGN KEY (numero_projeto)
REFERENCES elmasri.projeto (numero_projeto)
ON DELETE NO ACTION
ON UPDATE NO ACTION
NOT DEFERRABLE;

INSERT INTO elmasri.funcionario (cpf, primeiro_nome, nome_meio, ultimo_nome, data_nascimento, endereco, sexo, salario, cpf_supervisor, numero_departamento ) 
VALUES ('88866555576', 'Jorge', 'E', 'Brito', '1937-11-10','RuadoHorto35,SãoPaulo,SP', 'M', '55000', '88866555576', 1 );

/* eu tive que inserir jrge priemiro para poder dar continuidade da inserção de dados, já que ele é como se fosse o ``presidente´´ */

INSERT INTO elmasri.funcionario (cpf, primeiro_nome, nome_meio, ultimo_nome, data_nascimento, endereco, sexo, salario, cpf_supervisor, numero_departamento ) 
VALUES ('98765432168', 'Jennifer', 'S', 'Souza', '1941-06-20','AvArthurLima54,SantoAndré,SP', 'F', '43000', '88866555576', 4 );
INSERT INTO elmasri.funcionario (cpf, primeiro_nome, nome_meio, ultimo_nome, data_nascimento, endereco, sexo, salario, cpf_supervisor, numero_departamento ) VALUES ('99988777767', 'Alice', 'J', 'Zelaya', '1968-01-19','RuaSouzaLima35,Curitiba,PR', 'F', '25000', '98765432168', 4 );
INSERT INTO elmasri.funcionario (cpf, primeiro_nome, nome_meio, ultimo_nome, data_nascimento, endereco, sexo, salario, cpf_supervisor, numero_departamento ) 
VALUES ('98798798733','André', 'V','Pereira', '1969-03-29','RuaTimbira35,SãoPaulo,SP', 'M', '25000', '98765432168', 4 );
INSERT INTO elmasri.funcionario (cpf, primeiro_nome, nome_meio, ultimo_nome, data_nascimento, endereco, sexo, salario, cpf_supervisor, numero_departamento ) 
VALUES ('33344555587', 'Fernando', 'T', 'Wong', '1955-12-08','RuadaLapa34,São Paulo,SP', 'M', '40000', '88866555576', 5 );
INSERT INTO elmasri.funcionario (cpf, primeiro_nome, nome_meio, ultimo_nome, data_nascimento, endereco, sexo, salario, cpf_supervisor, numero_departamento ) 
VALUES ('12345678966', 'João', 'B', 'Silva', '1965-01-09','RuadasFlores751,SãoPaulo,SP', 'M', '30000', '33344555587', 5 );
INSERT INTO elmasri.funcionario (cpf,primeiro_nome, nome_meio, ultimo_nome, data_nascimento, endereco, sexo, salario, cpf_supervisor, numero_departamento ) 
VALUES ('66688444476', 'Ronaldo', 'K', 'Lima', '1962-09-15','RuaRebouças65,Piracicaba,SP', 'M', '38000', '33344555587', 5 );
INSERT INTO elmasri.funcionario (cpf, primeiro_nome, nome_meio, ultimo_nome, data_nascimento, endereco, sexo, salario, cpf_supervisor, numero_departamento ) 
VALUES ('45345345376','Joice', 'A', 'Leite', '1972-07-31','AvLucasObes74,SãoPaulo,SP', 'F', '25000', '33344555587', 5 );


INSERT INTO elmasri.departamento ( nome_departamento, numero_departamento, cpf_gerente, data_inicio_gerente)
VALUES( 'Matriz', 1, '88866555576', '1981-06-19');
INSERT INTO elmasri.departamento ( nome_departamento, numero_departamento, cpf_gerente, data_inicio_gerente)
VALUES( 'Pesquisa', 5, '33344555587', '1988-05-22');
INSERT INTO elmasri.departamento ( nome_departamento, numero_departamento, cpf_gerente, data_inicio_gerente)
VALUES( 'Administração', 4, '98765432168', ' 1995-01-01');


INSERT INTO elmasri.localizacoes_departamento( numero_departamento, local)
VALUES( 1, ' São Paulo');
INSERT INTO elmasri.localizacoes_departamento( numero_departamento, local)
VALUES( 4, ' Mauá');
INSERT INTO elmasri.localizacoes_departamento( numero_departamento, local)
VALUES( 5, ' Santo André');
INSERT INTO elmasri.localizacoes_departamento( numero_departamento, local)
VALUES( 5, ' Itu');
INSERT INTO elmasri.localizacoes_departamento( numero_departamento, local)
VALUES( 5, ' São Paulo');


INSERT INTO elmasri.projeto( nome_projeto, numero_projeto, local_projeto, numero_departamento)
VALUES( 'ProdutoX', 1, 'Santo André', 5);
INSERT INTO elmasri.projeto( nome_projeto, numero_projeto, local_projeto, numero_departamento)
VALUES( 'ProdutoY', 2, 'Itu', 5);
INSERT INTO elmasri.projeto( nome_projeto, numero_projeto, local_projeto, numero_departamento)
VALUES( 'ProdutoZ', 3, 'São Paulo', 5);
INSERT INTO elmasri.projeto( nome_projeto, numero_projeto, local_projeto, numero_departamento)
VALUES( 'Informatização', 10, 'Mauá', 4);
INSERT INTO elmasri.projeto( nome_projeto, numero_projeto, local_projeto, numero_departamento)
VALUES( 'Reorganização', 20, 'São Paulo', 1);
INSERT INTO elmasri.projeto( nome_projeto, numero_projeto, local_projeto, numero_departamento)
VALUES( 'Novosbenefícios', 30, 'Mauá', 4);



INSERT INTO elmasri.trabalha_em( cpf_funcionario, numero_projeto, horas)
VALUES( '12345678966', 1, '32.5');
INSERT INTO elmasri.trabalha_em( cpf_funcionario, numero_projeto, horas)
VALUES( '12345678966', 2, '7.5');
INSERT INTO elmasri.trabalha_em( cpf_funcionario, numero_projeto, horas)
VALUES( '66688444476', 3, '40.0');
INSERT INTO elmasri.trabalha_em( cpf_funcionario, numero_projeto, horas)
VALUES( '45345345376', 1, '20.0');
INSERT INTO elmasri.trabalha_em( cpf_funcionario, numero_projeto, horas)
VALUES( '45345345376', 2, '20.0');
INSERT INTO elmasri.trabalha_em( cpf_funcionario, numero_projeto, horas)
VALUES( '33344555587', 2, '10.0');
INSERT INTO elmasri.trabalha_em( cpf_funcionario, numero_projeto, horas)
VALUES( '33344555587', 3, '10.0');
INSERT INTO elmasri.trabalha_em( cpf_funcionario, numero_projeto, horas)
VALUES( '33344555587', 10, '10.0');
INSERT INTO elmasri.trabalha_em( cpf_funcionario, numero_projeto, horas)
VALUES( '33344555587', 20, '10.0');
INSERT INTO elmasri.trabalha_em( cpf_funcionario, numero_projeto, horas)
VALUES( '99988777767', 30, '30.0');
INSERT INTO elmasri.trabalha_em( cpf_funcionario, numero_projeto, horas)
VALUES( '99988777767', 10, '10.0');
INSERT INTO elmasri.trabalha_em( cpf_funcionario, numero_projeto, horas)
VALUES( '98798798733', 10, '35.0');
INSERT INTO elmasri.trabalha_em( cpf_funcionario, numero_projeto, horas)
VALUES( '98798798733', 30, '5.0');
INSERT INTO elmasri.trabalha_em( cpf_funcionario, numero_projeto, horas)
VALUES( '98765432168', 30, '20.0');
INSERT INTO elmasri.trabalha_em( cpf_funcionario, numero_projeto, horas)
VALUES( '98765432168', 20, '15.0');
INSERT INTO elmasri.trabalha_em( cpf_funcionario, numero_projeto, horas)
VALUES( '88866555576', 20, '0');



INSERT INTO elmasri.dependente( cpf_funcionario, nome_dependente, sexo, data_nascimento, parentesco)
VALUES( '33344555587', 'Alícia', 'F', '1986-04-05', 'Filha');
INSERT INTO elmasri.dependente( cpf_funcionario, nome_dependente, sexo, data_nascimento, parentesco)
VALUES( '33344555587', 'Tiago', 'M', '1983-10-25', 'Filho');
INSERT INTO elmasri.dependente( cpf_funcionario, nome_dependente, sexo, data_nascimento, parentesco)
VALUES( '33344555587', 'Janaína', 'F', '1958-05-03', 'Esposa');
INSERT INTO elmasri.dependente( cpf_funcionario, nome_dependente, sexo, data_nascimento, parentesco)
VALUES( '98765432168', 'Antonio', 'M', '1942-02-28', 'Marido');
INSERT INTO elmasri.dependente( cpf_funcionario, nome_dependente, sexo, data_nascimento, parentesco)
VALUES( '12345678966', 'Michael', 'M', '1988-01-04', 'Filho');
INSERT INTO elmasri.dependente( cpf_funcionario, nome_dependente, sexo, data_nascimento, parentesco)
VALUES( '12345678966', 'Alícia', 'F', '1988-12-30', 'Filha');
INSERT INTO elmasri.dependente( cpf_funcionario, nome_dependente, sexo, data_nascimento, parentesco)
VALUES( '12345678966', 'Elizabeth', 'F', '1967-05-05', 'Esposa');





